"Model","LogLik","AIC","BIC"
"Model 1",-867.483256805808,1752.96651361162,1783.38558979348
"Model 2",-874.837687302166,1767.67537460433,1798.0944507862
